id,time,position,rotation,pointer
2190727440,UTC-2023-07-09 02:18:11.812,(-3.52, 3.24, -7.80),(0.21644, 0.00000, 0.00000, 0.97630),(0.00, -0.42, 0.91),
1070055672,UTC-2023-07-09 02:18:12.013,(-3.52, 3.24, -7.80),(0.21644, 0.00000, 0.00000, 0.97630),(0.00, -0.42, 0.91),
1279167504,UTC-2023-07-09 02:18:12.219,(-3.52, 3.24, -7.80),(0.21644, 0.00000, 0.00000, 0.97630),(0.00, -0.42, 0.91),
3116927400,UTC-2023-07-09 02:18:12.424,(-3.52, 3.24, -7.80),(0.21644, 0.00000, 0.00000, 0.97630),(0.00, -0.42, 0.91),
3252221360,UTC-2023-07-09 02:18:12.626,(-3.52, 3.24, -7.80),(0.21644, 0.00000, 0.00000, 0.97630),(0.00, -0.42, 0.91),
1233325872,UTC-2023-07-09 02:18:12.827,(-3.52, 3.24, -7.80),(0.21644, 0.00000, 0.00000, 0.97630),(0.00, -0.42, 0.91),
3463559592,UTC-2023-07-09 02:18:13.032,(-3.52, 3.24, -7.80),(0.21644, 0.00000, 0.00000, 0.97630),(0.00, -0.42, 0.91),
3327417520,UTC-2023-07-09 02:18:13.234,(-3.52, 3.24, -7.80),(0.21644, 0.00000, 0.00000, 0.97630),(0.00, -0.42, 0.91),
39384392,UTC-2023-07-09 02:18:13.433,(-3.52, 3.24, -7.80),(0.21644, 0.00000, 0.00000, 0.97630),(0.00, -0.42, 0.91),
2723041656,UTC-2023-07-09 02:18:13.639,(-3.52, 3.24, -7.80),(0.21644, 0.00000, 0.00000, 0.97630),(0.00, -0.42, 0.91),
3567770688,UTC-2023-07-09 02:18:13.840,(-3.52, 3.24, -7.80),(0.21644, 0.00000, 0.00000, 0.97630),(0.00, -0.42, 0.91),
2739165352,UTC-2023-07-09 02:18:14.047,(-3.52, 3.24, -7.80),(0.21644, 0.00000, 0.00000, 0.97630),(0.00, -0.42, 0.91),
2948788256,UTC-2023-07-09 02:18:14.251,(-3.52, 3.24, -7.80),(0.21644, 0.00000, 0.00000, 0.97630),(0.00, -0.42, 0.91),
377753168,UTC-2023-07-09 02:18:14.453,(-3.52, 3.24, -7.80),(0.21644, 0.00000, 0.00000, 0.97630),(0.00, -0.42, 0.91),
528789480,UTC-2023-07-09 02:18:14.660,(-3.52, 3.24, -7.80),(0.21644, 0.00000, 0.00000, 0.97630),(0.00, -0.42, 0.91),
2877577008,UTC-2023-07-09 02:18:14.865,(-3.52, 3.24, -7.80),(0.21644, 0.00000, 0.00000, 0.97630),(0.00, -0.42, 0.91),
1151349776,UTC-2023-07-09 02:18:15.069,(-3.52, 3.24, -7.80),(0.21644, 0.00000, 0.00000, 0.97630),(0.00, -0.42, 0.91),
86541936,UTC-2023-07-09 02:18:15.272,(-3.52, 3.24, -7.80),(0.21644, 0.00000, 0.00000, 0.97630),(0.00, -0.42, 0.91),
1647082736,UTC-2023-07-09 02:18:15.476,(-3.52, 3.24, -7.80),(0.21644, 0.00000, 0.00000, 0.97630),(0.00, -0.42, 0.91),
412369872,UTC-2023-07-09 02:18:15.684,(-3.52, 3.24, -7.80),(0.21644, 0.00000, 0.00000, 0.97630),(0.00, -0.42, 0.91),
2892668016,UTC-2023-07-09 02:18:15.887,(-3.52, 3.24, -7.80),(0.21644, 0.00000, 0.00000, 0.97630),(0.00, -0.42, 0.91),
3137599728,UTC-2023-07-09 02:18:16.090,(-3.52, 3.24, -7.80),(0.21644, 0.00000, 0.00000, 0.97630),(0.00, -0.42, 0.91),
273628440,UTC-2023-07-09 02:18:16.291,(-3.52, 3.24, -7.80),(0.21644, 0.00000, 0.00000, 0.97630),(0.00, -0.42, 0.91),
142992216,UTC-2023-07-09 02:18:16.492,(-3.52, 3.24, -7.80),(0.21644, 0.00000, 0.00000, 0.97630),(0.00, -0.42, 0.91),
1077012728,UTC-2023-07-09 02:18:16.698,(-3.52, 3.24, -7.80),(0.21644, 0.00000, 0.00000, 0.97630),(0.00, -0.42, 0.91),
837662336,UTC-2023-07-09 02:18:16.902,(-3.52, 3.24, -7.80),(0.21644, 0.00000, 0.00000, 0.97630),(0.00, -0.42, 0.91),
722974784,UTC-2023-07-09 02:18:17.104,(-3.52, 3.24, -7.80),(0.21644, 0.00000, 0.00000, 0.97630),(0.00, -0.42, 0.91),
2000942024,UTC-2023-07-09 02:18:17.306,(-3.52, 3.24, -7.80),(0.21644, 0.00000, 0.00000, 0.97630),(0.00, -0.42, 0.91),
995868560,UTC-2023-07-09 02:18:17.509,(-3.52, 3.24, -7.80),(0.21644, 0.00000, 0.00000, 0.97630),(0.00, -0.42, 0.91),
1590108376,UTC-2023-07-09 02:18:17.711,(-3.52, 3.24, -7.80),(0.21644, 0.00000, 0.00000, 0.97630),(0.00, -0.42, 0.91),
2843834696,UTC-2023-07-09 02:18:17.917,(-3.52, 3.24, -7.80),(0.21644, 0.00000, 0.00000, 0.97630),(0.00, -0.42, 0.91),
414454616,UTC-2023-07-09 02:18:18.118,(-3.52, 3.24, -7.80),(0.21644, 0.00000, 0.00000, 0.97630),(0.00, -0.42, 0.91),
1928814280,UTC-2023-07-09 02:18:18.320,(-3.52, 3.24, -7.80),(0.21644, 0.00000, 0.00000, 0.97630),(0.00, -0.42, 0.91),
3128086408,UTC-2023-07-09 02:18:18.525,(-3.52, 3.24, -7.80),(0.21644, 0.00000, 0.00000, 0.97630),(0.00, -0.42, 0.91),
3709867040,UTC-2023-07-09 02:18:18.728,(-3.52, 3.24, -7.80),(0.21644, 0.00000, 0.00000, 0.97630),(0.00, -0.42, 0.91),
1414795136,UTC-2023-07-09 02:18:18.933,(-3.52, 3.24, -7.80),(0.21644, 0.00000, 0.00000, 0.97630),(0.00, -0.42, 0.91),
3454434880,UTC-2023-07-09 02:18:19.137,(-3.52, 3.24, -7.80),(0.21644, 0.00000, 0.00000, 0.97630),(0.00, -0.42, 0.91),
2587452128,UTC-2023-07-09 02:18:19.337,(-3.52, 3.24, -7.80),(0.21644, 0.00000, 0.00000, 0.97630),(0.00, -0.42, 0.91),
3953871624,UTC-2023-07-09 02:18:19.542,(-3.52, 3.24, -7.80),(0.21644, 0.00000, 0.00000, 0.97630),(0.00, -0.42, 0.91),
2266807632,UTC-2023-07-09 02:18:19.745,(-3.52, 3.24, -7.80),(0.21644, 0.00000, 0.00000, 0.97630),(0.00, -0.42, 0.91),
99076856,UTC-2023-07-09 02:18:19.950,(-3.52, 3.24, -7.80),(0.21644, 0.00000, 0.00000, 0.97630),(0.00, -0.42, 0.91),
3289034376,UTC-2023-07-09 02:18:20.151,(-3.52, 3.24, -7.80),(0.21644, 0.00000, 0.00000, 0.97630),(0.00, -0.42, 0.91),
412897672,UTC-2023-07-09 02:18:20.352,(-3.52, 3.24, -7.80),(0.21644, 0.00000, 0.00000, 0.97630),(0.00, -0.42, 0.91),
3207310400,UTC-2023-07-09 02:18:20.552,(-3.52, 3.24, -7.80),(0.21644, 0.00000, 0.00000, 0.97630),(0.00, -0.42, 0.91),
3595628184,UTC-2023-07-09 02:18:20.754,(-3.52, 3.24, -7.80),(0.21644, 0.00000, 0.00000, 0.97630),(0.00, -0.42, 0.91),
3763096880,UTC-2023-07-09 02:18:20.955,(-3.52, 3.24, -7.80),(0.21644, 0.00000, 0.00000, 0.97630),(0.00, -0.42, 0.91),
1737611024,UTC-2023-07-09 02:18:21.160,(-3.52, 3.24, -7.80),(0.21644, 0.00000, 0.00000, 0.97630),(0.00, -0.42, 0.91),
1951377048,UTC-2023-07-09 02:18:21.363,(-3.52, 3.24, -7.80),(0.21644, 0.00000, 0.00000, 0.97630),(0.00, -0.42, 0.91),
3989285992,UTC-2023-07-09 02:18:21.567,(-3.52, 3.24, -7.80),(0.21644, 0.00000, 0.00000, 0.97630),(0.00, -0.42, 0.91),
2556548288,UTC-2023-07-09 02:18:21.769,(-3.52, 3.24, -7.80),(0.21644, 0.00000, 0.00000, 0.97630),(0.00, -0.42, 0.91),
1904654928,UTC-2023-07-09 02:18:21.971,(-3.52, 3.24, -7.80),(0.21644, 0.00000, 0.00000, 0.97630),(0.00, -0.42, 0.91),
3430497368,UTC-2023-07-09 02:18:22.175,(-3.52, 3.24, -7.80),(0.21644, 0.00000, 0.00000, 0.97630),(0.00, -0.42, 0.91),
2562357456,UTC-2023-07-09 02:18:22.377,(-3.52, 3.24, -7.80),(0.21644, 0.00000, 0.00000, 0.97630),(0.00, -0.42, 0.91),
502321256,UTC-2023-07-09 02:18:22.577,(-3.52, 3.24, -7.80),(0.21644, 0.00000, 0.00000, 0.97630),(0.00, -0.42, 0.91),
264477624,UTC-2023-07-09 02:18:22.780,(-3.52, 3.24, -7.80),(0.21644, 0.00000, 0.00000, 0.97630),(0.00, -0.42, 0.91),
154006024,UTC-2023-07-09 02:18:22.982,(-3.52, 3.24, -7.80),(0.21644, 0.00000, 0.00000, 0.97630),(0.00, -0.42, 0.91),
1009835408,UTC-2023-07-09 02:18:23.183,(-3.52, 3.24, -7.80),(0.21644, 0.00000, 0.00000, 0.97630),(0.00, -0.42, 0.91),
1622461592,UTC-2023-07-09 02:18:23.386,(-3.52, 3.24, -7.80),(0.21644, 0.00000, 0.00000, 0.97630),(0.00, -0.42, 0.91),
2181504432,UTC-2023-07-09 02:18:23.588,(-3.52, 3.24, -7.80),(0.21644, 0.00000, 0.00000, 0.97630),(0.00, -0.42, 0.91),
2382590424,UTC-2023-07-09 02:18:23.789,(-3.52, 3.24, -7.80),(0.21644, 0.00000, 0.00000, 0.97630),(0.00, -0.42, 0.91),
571632424,UTC-2023-07-09 02:18:23.990,(-3.52, 3.24, -7.80),(0.21644, 0.00000, 0.00000, 0.97630),(0.00, -0.42, 0.91),
674233840,UTC-2023-07-09 02:18:24.193,(-3.52, 3.24, -7.80),(0.21644, 0.00000, 0.00000, 0.97630),(0.00, -0.42, 0.91),
3374525960,UTC-2023-07-09 02:18:24.396,(-3.52, 3.24, -7.80),(0.21644, 0.00000, 0.00000, 0.97630),(0.00, -0.42, 0.91),
264477624,UTC-2023-07-09 02:18:24.598,(-3.52, 3.24, -7.80),(0.21644, 0.00000, 0.00000, 0.97630),(0.00, -0.42, 0.91),
2294819792,UTC-2023-07-09 02:18:24.798,(-3.52, 3.24, -7.80),(0.21644, 0.00000, 0.00000, 0.97630),(0.00, -0.42, 0.91),
1009835408,UTC-2023-07-09 02:18:25.001,(-3.52, 3.24, -7.80),(0.21644, 0.00000, 0.00000, 0.97630),(0.00, -0.42, 0.91),
1622461592,UTC-2023-07-09 02:18:25.203,(-3.52, 3.24, -7.80),(0.21644, 0.00000, 0.00000, 0.97630),(0.00, -0.42, 0.91),
998092232,UTC-2023-07-09 02:18:25.408,(-3.52, 3.24, -7.80),(0.21644, 0.00000, 0.00000, 0.97630),(0.00, -0.42, 0.91),
1677879008,UTC-2023-07-09 02:18:25.608,(-3.52, 3.24, -7.80),(0.21644, 0.00000, 0.00000, 0.97630),(0.00, -0.42, 0.91),
1542373752,UTC-2023-07-09 02:18:25.811,(-3.52, 3.24, -7.80),(0.21644, 0.00000, 0.00000, 0.97630),(0.00, -0.42, 0.91),
3275130808,UTC-2023-07-09 02:18:26.013,(-3.52, 3.24, -7.80),(0.21644, 0.00000, 0.00000, 0.97630),(0.00, -0.42, 0.91),
1595603592,UTC-2023-07-09 02:18:26.214,(-3.52, 3.24, -7.80),(0.21644, 0.00000, 0.00000, 0.97630),(0.00, -0.42, 0.91),
2983895584,UTC-2023-07-09 02:18:26.418,(-3.52, 3.24, -7.80),(0.21644, 0.00000, 0.00000, 0.97630),(0.00, -0.42, 0.91),
3510585208,UTC-2023-07-09 02:18:26.622,(-3.52, 3.24, -7.80),(0.21644, 0.00000, 0.00000, 0.97630),(0.00, -0.42, 0.91),
1840027688,UTC-2023-07-09 02:18:26.827,(-3.52, 3.24, -7.80),(0.21644, 0.00000, 0.00000, 0.97630),(0.00, -0.42, 0.91),
2370015952,UTC-2023-07-09 02:18:27.032,(-3.52, 3.24, -7.80),(0.21644, 0.00000, 0.00000, 0.97630),(0.00, -0.42, 0.91),
1228813336,UTC-2023-07-09 02:18:27.232,(-3.52, 3.24, -7.80),(0.21644, 0.00000, 0.00000, 0.97630),(0.00, -0.42, 0.91),
1544498048,UTC-2023-07-09 02:18:27.446,(-3.52, 3.24, -7.80),(0.21644, 0.00000, 0.00000, 0.97630),(0.00, -0.42, 0.91),
470363736,UTC-2023-07-09 02:18:27.646,(-3.52, 3.24, -7.80),(0.21644, 0.00000, 0.00000, 0.97630),(0.00, -0.42, 0.91),
862217560,UTC-2023-07-09 02:18:28.559,(-3.52, 3.24, -7.80),(0.21644, 0.00000, 0.00000, 0.97630),(0.00, -0.42, 0.91),
953128624,UTC-2023-07-09 02:18:28.762,(-3.52, 3.24, -7.80),(0.21644, 0.00000, 0.00000, 0.97630),(0.00, -0.42, 0.91),
4233929488,UTC-2023-07-09 02:18:28.963,(-3.52, 3.24, -7.80),(0.21644, 0.00000, 0.00000, 0.97630),(0.00, -0.42, 0.91),
1806134168,UTC-2023-07-09 02:18:29.167,(-3.52, 3.24, -7.80),(0.21644, 0.00000, 0.00000, 0.97630),(0.00, -0.42, 0.91),
2273764688,UTC-2023-07-09 02:18:29.368,(-3.52, 3.24, -7.80),(0.21644, 0.00000, 0.00000, 0.97630),(0.00, -0.42, 0.91),
2890547176,UTC-2023-07-09 02:18:29.570,(-3.52, 3.24, -7.80),(0.21644, 0.00000, 0.00000, 0.97630),(0.00, -0.42, 0.91),
163338136,UTC-2023-07-09 02:18:29.773,(-3.52, 3.24, -7.80),(0.21644, 0.00000, 0.00000, 0.97630),(0.00, -0.42, 0.91),
3568948664,UTC-2023-07-09 02:18:29.977,(-3.52, 3.24, -7.80),(0.21644, 0.00000, 0.00000, 0.97630),(0.00, -0.42, 0.91),
2405291392,UTC-2023-07-09 02:18:30.179,(-3.52, 3.24, -7.80),(0.21644, 0.00000, 0.00000, 0.97630),(0.00, -0.42, 0.91),
2151803312,UTC-2023-07-09 02:18:30.380,(-3.52, 3.24, -7.80),(0.21644, 0.00000, 0.00000, 0.97630),(0.00, -0.42, 0.91),
1876923352,UTC-2023-07-09 02:18:30.786,(-3.52, 3.24, -7.80),(0.21644, 0.00000, 0.00000, 0.97630),(0.00, -0.42, 0.91),
1894657080,UTC-2023-07-09 02:18:30.991,(-3.52, 3.24, -7.80),(0.21644, 0.00000, 0.00000, 0.97630),(0.00, -0.42, 0.91),
4148548544,UTC-2023-07-09 02:18:31.191,(-3.52, 3.24, -7.80),(0.21644, 0.00000, 0.00000, 0.97630),(0.00, -0.42, 0.91),
1890549880,UTC-2023-07-09 02:18:31.601,(-3.52, 3.24, -7.80),(0.21644, 0.00000, 0.00000, 0.97630),(0.00, -0.42, 0.91),
364516504,UTC-2023-07-09 02:18:31.805,(-3.52, 3.24, -7.80),(0.21644, 0.00000, 0.00000, 0.97630),(0.00, -0.42, 0.91),
1161181224,UTC-2023-07-09 02:18:32.006,(-3.52, 3.24, -7.80),(0.21644, 0.00000, 0.00000, 0.97630),(0.00, -0.42, 0.91),
3805237816,UTC-2023-07-09 02:18:32.214,(-3.52, 3.24, -7.80),(0.21644, 0.00000, 0.00000, 0.97630),(0.00, -0.42, 0.91),
2072322464,UTC-2023-07-09 02:18:32.624,(-3.52, 3.24, -7.80),(0.21644, 0.00000, 0.00000, 0.97630),(0.00, -0.42, 0.91),
1029987112,UTC-2023-07-09 02:18:33.063,(-3.52, 3.24, -7.80),(0.21644, 0.00000, 0.00000, 0.97630),(0.00, -0.42, 0.91),
886297896,UTC-2023-07-09 02:18:33.269,(-3.52, 3.24, -7.80),(0.21644, 0.00000, 0.00000, 0.97630),(0.00, -0.42, 0.91),
4008698952,UTC-2023-07-09 02:18:33.904,(-3.52, 3.24, -7.80),(0.21644, 0.00000, 0.00000, 0.97630),(0.00, -0.42, 0.91),
3068605064,UTC-2023-07-09 02:18:34.309,(-3.52, 3.24, -7.80),(0.21644, 0.00000, 0.00000, 0.97630),(0.00, -0.42, 0.91),
2197895792,UTC-2023-07-09 02:18:34.513,(-3.52, 3.24, -7.80),(0.21644, 0.00000, 0.00000, 0.97630),(0.00, -0.42, 0.91),
1223420400,UTC-2023-07-09 02:18:36.172,(-3.52, 3.24, -7.80),(0.21644, 0.00000, 0.00000, 0.97630),(0.00, -0.42, 0.91),
1065665424,UTC-2023-07-09 02:18:36.377,(-3.52, 3.24, -7.80),(0.21644, 0.00000, 0.00000, 0.97630),(0.00, -0.42, 0.91),
2475708344,UTC-2023-07-09 02:18:36.579,(-3.52, 3.24, -7.80),(0.21644, 0.00000, 0.00000, 0.97630),(0.00, -0.42, 0.91),
4078300432,UTC-2023-07-09 02:18:36.784,(-3.52, 3.24, -7.80),(0.21644, 0.00000, 0.00000, 0.97630),(0.00, -0.42, 0.91),
1234292552,UTC-2023-07-09 02:18:36.986,(-3.52, 3.24, -7.80),(0.21644, 0.00000, 0.00000, 0.97630),(0.00, -0.42, 0.91),
2027777376,UTC-2023-07-09 02:18:37.192,(-3.52, 3.24, -7.80),(0.21644, 0.00000, 0.00000, 0.97630),(0.00, -0.42, 0.91),
1065269552,UTC-2023-07-09 02:18:37.398,(-3.52, 3.24, -7.80),(0.21644, 0.00000, 0.00000, 0.97630),(0.00, -0.42, 0.91),
3685179976,UTC-2023-07-09 02:18:37.604,(-3.52, 3.24, -7.80),(0.21644, 0.00000, 0.00000, 0.97630),(0.00, -0.42, 0.91),
2921950528,UTC-2023-07-09 02:18:37.808,(-3.52, 3.24, -7.80),(0.21644, 0.00000, 0.00000, 0.97630),(0.00, -0.42, 0.91),
2021232832,UTC-2023-07-09 02:18:38.626,(-3.52, 3.24, -7.80),(0.21644, 0.00000, 0.00000, 0.97630),(0.00, -0.42, 0.91),
2156319392,UTC-2023-07-09 02:18:40.770,(-3.52, 3.24, -7.80),(0.21644, 0.00000, 0.00000, 0.97630),(0.00, -0.42, 0.91),
1461992320,UTC-2023-07-09 02:18:44.129,(-3.52, 3.24, -7.80),(0.21644, 0.00000, 0.00000, 0.97630),(0.00, -0.42, 0.91),
175556376,UTC-2023-07-09 02:18:44.334,(-3.52, 3.24, -7.80),(0.21644, 0.00000, 0.00000, 0.97630),(0.00, -0.42, 0.91),
1502314920,UTC-2023-07-09 02:18:46.236,(-3.52, 3.24, -7.80),(0.21644, 0.00000, 0.00000, 0.97630),(0.00, -0.42, 0.91),
3943794496,UTC-2023-07-09 02:18:46.442,(-3.52, 3.24, -7.80),(0.21644, 0.00000, 0.00000, 0.97630),(0.00, -0.42, 0.91),
853588184,UTC-2023-07-09 02:18:49.024,(-3.52, 3.24, -7.80),(0.21644, 0.00000, 0.00000, 0.97630),(0.00, -0.42, 0.91),
767836464,UTC-2023-07-09 02:18:50.927,(-3.52, 3.24, -7.80),(0.21644, 0.00000, 0.00000, 0.97630),(0.00, -0.42, 0.91),
3993699152,UTC-2023-07-09 02:18:51.564,(-3.52, 3.24, -7.80),(0.21644, 0.00000, 0.00000, 0.97630),(0.00, -0.42, 0.91),
2838586784,UTC-2023-07-09 02:18:53.031,(-3.52, 3.24, -7.80),(0.21644, 0.00000, 0.00000, 0.97630),(0.00, -0.42, 0.91),
1106815864,UTC-2023-07-09 02:18:54.068,(-3.52, 3.24, -7.80),(0.21644, 0.00000, 0.00000, 0.97630),(0.00, -0.42, 0.91),
2314654816,UTC-2023-07-09 02:18:54.270,(-3.52, 3.24, -7.80),(0.21644, 0.00000, 0.00000, 0.97630),(0.00, -0.42, 0.91),
728450544,UTC-2023-07-09 02:18:54.474,(-3.52, 3.24, -7.80),(0.21644, 0.00000, 0.00000, 0.97630),(0.00, -0.42, 0.91),
1458086688,UTC-2023-07-09 02:18:54.678,(-3.52, 3.24, -7.80),(0.21644, 0.00000, 0.00000, 0.97630),(0.00, -0.42, 0.91),
1937209536,UTC-2023-07-09 02:18:54.884,(-3.52, 3.24, -7.80),(0.21644, 0.00000, 0.00000, 0.97630),(0.00, -0.42, 0.91),
2314997864,UTC-2023-07-09 02:18:55.084,(-3.52, 3.24, -7.80),(0.21644, 0.00000, 0.00000, 0.97630),(0.00, -0.42, 0.91),
1991980408,UTC-2023-07-09 02:18:55.490,(-3.52, 3.24, -7.80),(0.21644, 0.00000, 0.00000, 0.97630),(0.00, -0.42, 0.91),
357826848,UTC-2023-07-09 02:18:55.695,(-3.52, 3.24, -7.80),(0.21644, 0.00000, 0.00000, 0.97630),(0.00, -0.42, 0.91),
458726120,UTC-2023-07-09 02:18:55.899,(-3.52, 3.24, -7.80),(0.21644, 0.00000, 0.00000, 0.97630),(0.00, -0.42, 0.91),
3582697480,UTC-2023-07-09 02:18:56.101,(-3.52, 3.24, -7.80),(0.21644, 0.00000, 0.00000, 0.97630),(0.00, -0.42, 0.91),
3906664800,UTC-2023-07-09 02:18:57.112,(-3.52, 3.24, -7.80),(0.21644, 0.00000, 0.00000, 0.97630),(0.00, -0.42, 0.91),
1095709504,UTC-2023-07-09 02:18:57.318,(-3.52, 3.24, -7.80),(0.21644, 0.00000, 0.00000, 0.97630),(0.00, -0.42, 0.91),
1234635600,UTC-2023-07-09 02:18:57.724,(-3.52, 3.24, -7.80),(0.21644, 0.00000, 0.00000, 0.97630),(0.00, -0.42, 0.91),
2038821272,UTC-2023-07-09 02:18:57.924,(-3.52, 3.24, -7.80),(0.21644, 0.00000, 0.00000, 0.97630),(0.00, -0.42, 0.91),
2340806536,UTC-2023-07-09 02:18:58.128,(-3.52, 3.24, -7.80),(0.21644, 0.00000, 0.00000, 0.97630),(0.00, -0.42, 0.91),
176321664,UTC-2023-07-09 02:18:58.330,(-3.52, 3.24, -7.80),(0.21644, 0.00000, 0.00000, 0.97630),(0.00, -0.42, 0.91),
2835261776,UTC-2023-07-09 02:18:58.535,(-3.52, 3.24, -7.80),(0.21644, 0.00000, 0.00000, 0.97630),(0.00, -0.42, 0.91),
2433274632,UTC-2023-07-09 02:18:58.742,(-3.52, 3.24, -7.80),(0.21644, 0.00000, 0.00000, 0.97630),(0.00, -0.42, 0.91),
3526277288,UTC-2023-07-09 02:18:58.954,(-3.52, 3.24, -7.80),(0.21644, 0.00000, 0.00000, 0.97630),(0.00, -0.42, 0.91),
3741085464,UTC-2023-07-09 02:18:59.155,(-3.52, 3.24, -7.80),(0.21644, 0.00000, 0.00000, 0.97630),(0.00, -0.42, 0.91),
394521208,UTC-2023-07-09 02:18:59.360,(-3.52, 3.24, -7.80),(0.21644, 0.00000, 0.00000, 0.97630),(0.00, -0.42, 0.91),
1563537960,UTC-2023-07-09 02:18:59.767,(-3.52, 3.24, -7.80),(0.21644, 0.00000, 0.00000, 0.97630),(0.00, -0.42, 0.91),
3760085824,UTC-2023-07-09 02:18:59.969,(-3.52, 3.24, -7.80),(0.21644, 0.00000, 0.00000, 0.97630),(0.00, -0.42, 0.91),
3076340768,UTC-2023-07-09 02:19:00.175,(-3.52, 3.24, -7.80),(0.21644, 0.00000, 0.00000, 0.97630),(0.00, -0.42, 0.91),
2160913584,UTC-2023-07-09 02:19:00.381,(-3.52, 3.24, -7.80),(0.21644, 0.00000, 0.00000, 0.97630),(0.00, -0.42, 0.91),
2337134936,UTC-2023-07-09 02:19:00.585,(-3.52, 3.24, -7.80),(0.21644, 0.00000, 0.00000, 0.97630),(0.00, -0.42, 0.91),
721206632,UTC-2023-07-09 02:19:00.789,(-3.52, 3.24, -7.80),(0.21644, 0.00000, 0.00000, 0.97630),(0.00, -0.42, 0.91),
798236864,UTC-2023-07-09 02:19:00.995,(-3.52, 3.24, -7.80),(0.21644, 0.00000, 0.00000, 0.97630),(0.00, -0.42, 0.91),
1846483400,UTC-2023-07-09 02:19:01.195,(-3.52, 3.24, -7.80),(0.21644, 0.00000, 0.00000, 0.97630),(0.00, -0.42, 0.91),
1278336296,UTC-2023-07-09 02:19:01.607,(-3.52, 3.24, -7.80),(0.21644, 0.00000, 0.00000, 0.97630),(0.00, -0.42, 0.91),
2723410896,UTC-2023-07-09 02:19:01.811,(-3.52, 3.24, -7.80),(0.21644, 0.00000, 0.00000, 0.97630),(0.00, -0.42, 0.91),
832147024,UTC-2023-07-09 02:19:02.238,(-3.52, 3.24, -7.80),(0.21644, 0.00000, 0.00000, 0.97630),(0.00, -0.42, 0.91),
3897850848,UTC-2023-07-09 02:19:02.440,(-3.52, 3.24, -7.80),(0.21644, 0.00000, 0.00000, 0.97630),(0.00, -0.42, 0.91),
3043235360,UTC-2023-07-09 02:19:02.643,(-3.52, 3.24, -7.80),(0.21644, 0.00000, 0.00000, 0.97630),(0.00, -0.42, 0.91),
495644784,UTC-2023-07-09 02:19:02.844,(-3.52, 3.24, -7.80),(0.21644, 0.00000, 0.00000, 0.97630),(0.00, -0.42, 0.91),
1333578600,UTC-2023-07-09 02:19:03.046,(-3.52, 3.24, -7.80),(0.21644, 0.00000, 0.00000, 0.97630),(0.00, -0.42, 0.91),
1772563600,UTC-2023-07-09 02:19:03.252,(-3.52, 3.24, -7.80),(0.21644, 0.00000, 0.00000, 0.97630),(0.00, -0.42, 0.91),
2689540376,UTC-2023-07-09 02:19:03.451,(-3.52, 3.24, -7.80),(0.21644, 0.00000, 0.00000, 0.97630),(0.00, -0.42, 0.91),
3167093360,UTC-2023-07-09 02:19:03.653,(-3.52, 3.24, -7.80),(0.21644, 0.00000, 0.00000, 0.97630),(0.00, -0.42, 0.91),
1812147456,UTC-2023-07-09 02:19:04.075,(-3.52, 3.24, -7.80),(0.21644, 0.00000, 0.00000, 0.97630),(0.00, -0.42, 0.91),
3418677464,UTC-2023-07-09 02:19:04.276,(-3.52, 3.24, -7.80),(0.21644, 0.00000, 0.00000, 0.97630),(0.00, -0.42, 0.91),
2907884944,UTC-2023-07-09 02:19:04.687,(-3.52, 3.24, -7.80),(0.21644, 0.00000, 0.00000, 0.97630),(0.00, -0.42, 0.91),
3255906232,UTC-2023-07-09 02:19:04.890,(-3.52, 3.24, -7.80),(0.21644, 0.00000, 0.00000, 0.97630),(0.00, -0.42, 0.91),
4058337112,UTC-2023-07-09 02:19:05.095,(-3.52, 3.24, -7.80),(0.21644, 0.00000, 0.00000, 0.97630),(0.00, -0.42, 0.91),
815162032,UTC-2023-07-09 02:19:05.301,(-3.52, 3.24, -7.80),(0.21644, 0.00000, 0.00000, 0.97630),(0.00, -0.42, 0.91),
597375088,UTC-2023-07-09 02:19:05.505,(-3.52, 3.24, -7.80),(0.21644, 0.00000, 0.00000, 0.97630),(0.00, -0.42, 0.91),
1165904880,UTC-2023-07-09 02:19:06.116,(-3.52, 3.24, -7.80),(0.21644, 0.00000, 0.00000, 0.97630),(0.00, -0.42, 0.91),
724399888,UTC-2023-07-09 02:19:06.730,(-3.52, 3.24, -7.80),(0.21644, 0.00000, 0.00000, 0.97630),(0.00, -0.42, 0.91),
723225368,UTC-2023-07-09 02:19:07.350,(-3.52, 3.24, -7.80),(0.21644, 0.00000, 0.00000, 0.97630),(0.00, -0.42, 0.91),
3231298272,UTC-2023-07-09 02:19:07.763,(-3.52, 3.24, -7.80),(0.21644, 0.00000, 0.00000, 0.97630),(0.00, -0.42, 0.91),
4192526192,UTC-2023-07-09 02:19:08.388,(-3.52, 3.24, -7.80),(0.21644, 0.00000, 0.00000, 0.97630),(0.00, -0.42, 0.91),
2869778840,UTC-2023-07-09 02:19:08.793,(-3.52, 3.24, -7.80),(0.21644, 0.00000, 0.00000, 0.97630),(0.00, -0.42, 0.91),
4203517352,UTC-2023-07-09 02:19:08.993,(-3.52, 3.24, -7.80),(0.21644, 0.00000, 0.00000, 0.97630),(0.00, -0.42, 0.91),
4145408288,UTC-2023-07-09 02:19:09.199,(-3.52, 3.24, -7.80),(0.21644, 0.00000, 0.00000, 0.97630),(0.00, -0.42, 0.91),
3764334416,UTC-2023-07-09 02:19:09.614,(-3.52, 3.24, -7.80),(0.21644, 0.00000, 0.00000, 0.97630),(0.00, -0.42, 0.91),
526823568,UTC-2023-07-09 02:19:09.816,(-3.52, 3.24, -7.80),(0.21644, 0.00000, 0.00000, 0.97630),(0.00, -0.42, 0.91),
3711476808,UTC-2023-07-09 02:19:10.430,(-3.52, 3.24, -7.80),(0.21644, 0.00000, 0.00000, 0.97630),(0.00, -0.42, 0.91),
1512158016,UTC-2023-07-09 02:19:10.851,(-3.52, 3.32, -7.97),(0.21644, 0.00000, 0.00000, 0.97630),(0.00, -0.42, 0.91),
3141746304,UTC-2023-07-09 02:19:11.051,(-3.52, 3.36, -8.06),(0.21644, 0.00000, 0.00000, 0.97630),(0.00, -0.42, 0.91),
1515984544,UTC-2023-07-09 02:19:11.662,(-3.52, 3.50, -8.35),(0.21644, 0.00000, 0.00000, 0.97630),(0.00, -0.42, 0.91),
546866168,UTC-2023-07-09 02:19:12.286,(-3.52, 3.62, -8.61),(0.21644, 0.00000, 0.00000, 0.97630),(0.00, -0.42, 0.91),
2117659120,UTC-2023-07-09 02:19:12.491,(-3.52, 3.64, -8.65),(0.21644, 0.00000, 0.00000, 0.97630),(0.00, -0.42, 0.91),
3396310168,UTC-2023-07-09 02:19:12.693,(-3.52, 3.64, -8.65),(0.21644, 0.00000, 0.00000, 0.97630),(0.00, -0.42, 0.91),
3316060400,UTC-2023-07-09 02:19:12.895,(-3.52, 3.64, -8.65),(0.21644, 0.00000, 0.00000, 0.97630),(0.00, -0.42, 0.91),
2483295304,UTC-2023-07-09 02:19:13.301,(-3.52, 3.64, -8.65),(0.21644, 0.00000, 0.00000, 0.97630),(0.00, -0.42, 0.91),
2917609384,UTC-2023-07-09 02:19:13.502,(-3.52, 3.64, -8.65),(0.21644, 0.00000, 0.00000, 0.97630),(0.00, -0.42, 0.91),
366931288,UTC-2023-07-09 02:19:13.704,(-3.52, 3.64, -8.65),(0.21644, 0.00000, 0.00000, 0.97630),(0.00, -0.42, 0.91),
3020369008,UTC-2023-07-09 02:19:13.908,(-3.52, 3.64, -8.65),(0.21644, 0.00000, 0.00000, 0.97630),(0.00, -0.42, 0.91),
4021946160,UTC-2023-07-09 02:19:14.108,(-3.52, 3.64, -8.65),(0.21644, 0.00000, 0.00000, 0.97630),(0.00, -0.42, 0.91),
932637240,UTC-2023-07-09 02:19:14.314,(-3.52, 3.64, -8.65),(0.21644, 0.00000, 0.00000, 0.97630),(0.00, -0.42, 0.91),
1619153312,UTC-2023-07-09 02:19:14.518,(-3.52, 3.64, -8.65),(0.21644, 0.00000, 0.00000, 0.97630),(0.00, -0.42, 0.91),
562026816,UTC-2023-07-09 02:19:14.719,(-3.52, 3.64, -8.65),(0.21644, 0.00000, 0.00000, 0.97630),(0.00, -0.42, 0.91),
3502259416,UTC-2023-07-09 02:19:14.921,(-3.52, 3.64, -8.65),(0.21644, 0.00000, 0.00000, 0.97630),(0.00, -0.42, 0.91),
722183216,UTC-2023-07-09 02:19:15.121,(-3.52, 3.64, -8.65),(0.21644, 0.00000, 0.00000, 0.97630),(0.00, -0.42, 0.91),
2986012704,UTC-2023-07-09 02:19:15.327,(-3.52, 3.64, -8.65),(0.21644, 0.00000, 0.00000, 0.97630),(0.00, -0.42, 0.91),
1795248568,UTC-2023-07-09 02:19:15.528,(-3.52, 3.64, -8.65),(0.21644, 0.00000, 0.00000, 0.97630),(0.00, -0.42, 0.91),
3582090312,UTC-2023-07-09 02:19:15.733,(-3.52, 3.64, -8.65),(0.21644, 0.00000, 0.00000, 0.97630),(0.00, -0.42, 0.91),
1262463096,UTC-2023-07-09 02:19:15.935,(-3.52, 3.64, -8.65),(0.21644, 0.00000, 0.00000, 0.97630),(0.00, -0.42, 0.91),
1056231208,UTC-2023-07-09 02:19:16.140,(-3.52, 3.64, -8.65),(0.21644, 0.00000, 0.00000, 0.97630),(0.00, -0.42, 0.91),
